component_sku,first_received_2026
CBSF95NA,2026-06-18
CF3B46BM,2026-05-11
CF3B52BM,2026-05-11
CF3BL52WO,2026-05-11
CFRGB420WH,2026-05-20
CFRGB460WH,2026-05-20
CFRGB480WH,2026-05-20
CGCYSN,2026-06-01
CO33PWH,2026-07-06
CRSF100LFG,2026-07-15
CRSFM100BR,2026-03-24
CRSFM110080BM,2026-01-26
CRSFM110080CH,2026-03-18
CRSFM110080CO,2026-03-18
CRSFM110080SN,2026-03-18
CRSFM110080WH,2026-01-26
CRSFM110080YB,2026-03-18
CRSFM210080BM,2026-03-18
CRSFM210080CH,2026-03-18
CRSFM210080CO,2026-03-18
CRSFM210080SN,2026-03-18
CRSFM210080WH,2026-03-18
CRSFM210080YB,2026-03-18
CRSFML100BM,2026-03-24
CRSFML100YB,2026-03-24
CRSFX120BM,2026-03-10
CRSFX120YB,2026-03-10
CRSP1PRC48BM,2026-06-11
CRSP1PRC66BM,2026-06-11
CRSP2PRC48BM,2026-06-11
CRSP2PRC66BM,2026-06-11
CRSP60601BM,2026-01-26
CRSP60603BM,2026-01-26
CRSP60603WH,2026-01-26
CRSP60605BM,2026-01-26
CRSP60605WH,2026-01-26
CRSP80303BM,2026-01-26
CRSP80303CH,2026-01-26
CRSP80303SN,2026-01-26
CRSP80303WH,2026-01-26
CRSP80303YB,2026-01-26
CRSP80304BM,2026-01-26
CRSP80305BM,2026-01-26
CRSP80305CH,2026-01-26
CRSP80305CO,2026-01-26
CRSP80305SN,2026-01-26
CRSP80305WH,2026-01-26
CRSP80305YB,2026-01-26
IMAC9820WW,2026-07-23
IMACCW,2026-01-05
IMACGR,2026-01-05
IMACYE,2026-01-05
IMYE,2026-01-05
ITEM-370-1767600146066,2026-01-05
ITEM-370-1767600217247,2026-01-05
ITEM-370-1767600230655,2026-01-05
ITEM-370-1767600460956,2026-01-05
ITEM-370-1767600487453,2026-01-05
ITEM-370-1767600530796,2026-01-05
ITEM-370-1767600541691,2026-01-05
ITEM-419-1775546185974,2026-04-07
ITEM-419-1775548735282,2026-04-07
ITEM-462-1779277506815,2026-05-20
ITEM-524-1784194757243,2026-07-16
ITEM-524-1784195105269,2026-07-16
ITEM-524-1784195154467,2026-07-16
ITEM-524-1784195257113,2026-07-16
ITEM-524-1784195363466,2026-07-16
ITEM-524-1784195447577,2026-07-16
ITEM-524-1784195539697,2026-07-16
ITEM-524-1784195741193,2026-07-16
ITEM-527-1784547254364,2026-07-20
ITEM-527-1784547314644,2026-07-20
LAGLFL130AR,2026-05-07
LAGLWD150AR,2026-05-07
LH2HTE27YB,2026-06-11
LHF3HT40BM,2026-06-11
LHF3HT40WH,2026-06-11
LHIFTE27BM,2026-01-26
LHIFTE27CH,2026-01-26
LHIFTE27YB,2026-01-26
LHLHTE27YB,2026-06-11
LHMHTE27YB,2026-06-11
LHNDE27CO,2026-07-06
LHSWPBB22CH,2026-07-23
LHSWPBB22GD,2026-07-23
LHSWPBB22SN,2026-07-23
LHTHT30GD,2026-06-11
LHTHT50CF,2026-06-11
LHTHT50GD,2026-06-11
LHTMGU10BM,2026-06-01
LHTMGU10CH,2026-06-01
LHTMGU10SN,2026-06-01
LHTT10150BG,2026-06-11
LHTT10200BG,2026-06-11
LHTT10250BG,2026-06-11
LHTT15E27CF,2026-06-11
LHTT15E27GD,2026-06-11
LHTT30E27GD,2026-06-11
LHTT50E27GD,2026-06-11
LHTTAGU10EBM,2026-03-10
LHTTAGU10EYB,2026-03-10
LHXSHE27BM,2026-07-15
LSCASN3BCL,2026-06-11
LSCASN5BCL,2026-06-11
LSFRE3FTPYBM,2026-03-10
LSFRE3ROPCCH,2026-03-10
LSFRO3ROPWFG,2026-03-10
LSGL100145BL,2026-05-07
LSGL10014AR,2026-05-07
LSGL10014CL,2026-05-07
LSGL12010AR,2026-06-04
LSGL12010FC,2026-05-07
LSGL12010FW,2026-05-07
LSGL14010CL,2026-06-04
LSGL14023SG,2026-07-15
LSGL16015AR,2026-05-07
LSGL3L150AR,2026-05-07
LSGLCA16015AR,2026-05-07
LSGLFE150WH,2026-05-07
LSGLLN14020AR,2026-05-07
LSGLLN150AR,2026-05-07
LSGLSC1508CL,2026-05-07
LSGLST148AR,2026-05-07
LSGLST150AR,2026-05-07
LSGLST200AR,2026-05-07
LSGLULAR,2026-06-04
LSGLULCL,2026-06-04
LSGLWA170AR,2026-05-07
LSRD260AZ,2026-03-31
LSRH260AZ,2026-07-23
LSSC310BI,2026-01-26
LSSC310GR,2026-01-26
LSSC310GY,2026-01-26
LSSC310OR,2026-01-26
LSSC310RE,2026-01-26
MBWHBSL,2026-04-02
PC16FT250BA,2026-03-19
PC16FT250CH,2026-03-19
PC16FT250WH,2026-03-19
PC16FT250YB,2026-03-19
PC16FTNLCH,2026-03-19
PC16FTNLWH,2026-03-19
PC16FTNLYB,2026-03-19
PCBS16T10CH,2026-03-19
PCBS16T10WH,2026-03-19
PCBS16T10YB,2026-03-19
PCCR6030CH,2026-06-10
PCCR6030CO,2026-06-10
PCCR6030SN,2026-06-10
PCCR6030YB,2026-06-10
PCFT1E27BM,2026-06-11
PCFT1E27BS,2026-06-11
PCFT45E27BM,2026-06-11
PCFT45E27BS,2026-06-11
PCFTLBM,2026-06-18
PCFTLCF,2026-06-18
PCFTLYB,2026-06-18
PCWH20BX,2026-04-07
PCWPLH1BM,2026-06-11
PCWPLH35BM,2026-06-11
PHCH1F120RBM,2026-01-01
PHCH1PBRBB,2026-03-10
PHCH1PCTSBM,2026-01-26
PHFMHT1BRBM,2026-03-10
PHHCF1BMRBM,2026-07-06
PHHCF1BMRYB,2026-07-06
PHHF1PBRBC,2026-03-10
PHHF1PBRBM,2026-06-01
PHHF1PBRBS,2026-06-01
PHHRE1HETHE,2026-07-06
PHHRE2HETX2HE,2026-05-07
PHHT1PBRGD,2026-07-06
PHIFT1PBRBM,2026-01-26
PHIFT1PBRYB,2026-01-26
PHIFT1PCRCH,2026-01-26
PHMU1PBRCO,2026-07-06
PHNW2RBC,2026-02-02
PHSG1120PBRYB,2026-01-01
PHTC1PGTGD,2026-06-11
PL4HBC,2026-03-31
PL4HBM,2026-07-23
PL4HRR,2026-03-31
PLHNBC,2026-07-23
PLHNBM,2026-03-31
PSHNUSOS4BRBM,2026-01-01
PSHNUSOS4BRWH,2026-01-01
RD42,2026-06-10
SPCA70BM,2026-06-18
SPCC360BM,2026-01-26
SPCR60603CH,2026-06-10
SPCR60603CO,2026-03-19
SPCR60603SN,2026-03-19
SPCR60603YB,2026-03-19
SPCR60605CH,2026-06-10
SPCR60605CO,2026-03-19
SPCR60605SN,2026-03-19
SPCR60605YB,2026-03-19
SPPGUK3PBM,2026-06-01
SPPGUK3PBR,2026-06-01
SPPGUK3PTR,2026-06-01
SPPGUK3PWH,2026-06-01
SPSSDBM,2026-07-06
TPFHTWB12BM,2026-06-11
TPFHTWB12SN,2026-06-11
TPFHTWB12WH,2026-06-11
WCFRE3LNPYBM,2026-05-07
WCFRO3WDPYBM,2026-03-31
WLFS220YBG,2026-06-01
WLWOFTWO,2026-01-26
WLWOHTBM,2026-01-26
WS1SHWHBM,2026-06-11
WS2HTBMYB,2026-01-26
WSACY195BG,2026-01-26
WSAFT200BG,2026-01-26
WSAHQS150BG,2026-01-26
WSCH135WH,2026-07-23
WSCYMUBG,2026-01-26
WSCYMUBM,2026-01-26
WSFH120BBM,2026-01-01
WSFH120BYB,2026-01-01
WSFHTYB,2026-03-31
WSFS120BBM,2026-01-01
WSFS120BYB,2026-01-01
WSFSS120BBM,2026-01-01
WSFSS120BYB,2026-01-01
WSHTB3P16GD,2026-06-11
WSIWCRPI,2026-07-23
WSIWH70BM,2026-03-10
WSIWH70YB,2026-03-10
WSLS10CFGD,2026-06-11
WSLSH68YBBM,2026-06-11
WSLSH68YBCF,2026-06-11
WSLSH68YBGD,2026-06-11
WSSH68CFYB,2026-06-11
WSSH68YBBM,2026-06-11
WSSH68YBGD,2026-06-11
WSUSHE27BM,2026-06-11
WSUSHE27CO,2026-06-11
WSUSHE27WH,2026-06-11
