combo_sku,combo_created,listing_status,listing_date_2026
CL3TAG+SWHBSP1OSWH+SPPGUK3PWH,2026-05-07,Listed,2026-06-22
CL3TBR+SWHBSP1OSWH+SPPGUK3PWH,2026-05-07,Listed,2026-06-22
CL3THE+SWHBSP1OSWH+SPPGUK3PWH,2026-05-07,Listed,2026-06-22
CL3TOR+SWHBSP1OSWH+SPPGUK3PWH,2026-05-07,Listed,2026-06-22
CL3TWH+SWHBSP1OSWH+SPPGUK3PWH,2026-05-07,Listed,2026-06-22
CRSF10025BM+PHHS1PBRBM+LSLT360BM+SPCC360BM,2024-06-04,Not Listed,
CRSF10025BM+PHSH1HETYB+SPCC360BM+LSLT360,2021-06-19,Not Listed,
CRSF10025BM+PHSH1HETYB+SPCC360BM+LSLT360BM,,Not Listed,
CRSF10025WH+PHHS1PWRBL+SPCC360BM+LSLT360CB,,Not Listed,
CRSF10025WH+PHHS1PWRBT+SPCC360BM+LSLT360BT,2021-04-13,Not Listed,
CRSF10025WH+PHHS1PWRCB+SPCC360BM+LSLT360CB,2021-04-13,Not Listed,
CRSF10025WH+PHHS1PWRGY+SPCC360BM+LSLT360GY,2021-04-13,Not Listed,
CRSF10025WH+PHHS1PWROR+SPCC360BM+LSLT360OR,2021-04-13,Not Listed,
CRSF10025WH+PHHS1PWRRE+SPCC360BM+LSLT360RE,2021-04-13,Not Listed,
CRSF10025WH+PHHS1PWRYE+SPCC360BM+LSLT360YE,2021-04-13,Not Listed,
CRSF100BB+PHCH1PBRBB,2021-07-30,Not Listed,
CRSF100BB+PHCH1PBRBB+ICST64E27,2024-06-04,Not Listed,
CRSF100BB+PHCH1PBRBB+ICST64E27-CA,2021-10-13,Not Listed,
CRSF100BB+PHCH1PBRBB+ICST64E27-IDE,2024-06-04,Not Listed,
CRSF100BB+PHCH1PBRBB+LSCY290BB,2021-04-29,Listed,2026-03-05
CRSF100BB+PHCH1PBRBB+LSCY290BB A,2021-11-05,Not Listed,
CRSF100BB+PHCH1PBRBB+LSCY290BB B,2021-11-18,Not Listed,
CRSF100BB+PHCH1PBRBB+LSCY290BB C,2021-11-23,Not Listed,
CRSF100BB+PHCH1PBRBB+LSCY290BB+ICST64E27,2024-06-04,Listed,2026-03-05
CRSF100BB+PHCH1PBRBB+LSCY290BB+ICST64E27-CA,2024-10-11,Listed,2026-02-19
CRSF100BB+PHCH1PBRBB+LSCY290BB+ICST64E27-IDE,2024-06-04,Not Listed,
CRSF100BB+PHCH1PBRBB+LSCY290BB-CA,2021-09-23,Listed,2026-02-19
CRSF100BB+PHCH1PBRBB+LSCY290BB-IDE,2024-06-04,Not Listed,
CRSF100BB+PHCH1PBRBB+LSCY290BB-IFR,2024-10-09,Not Listed,
CRSF100BB+PHCH1PBRBB+LSCY290BB_AMN,2026-05-27,Listed,2026-05-27
CRSF100BB+PHCH1PBRBB+LSFT220BB,2021-10-11,Not Listed,
CRSF100BB+PHCH1PBRBB+LSFT220BB+ICST64E27,2021-10-11,Not Listed,
CRSF100BB+PHCH1PBRBB+LSFT220BB+ICST64E27-CA,2021-10-25,Not Listed,
CRSF100BB+PHCH1PBRBB+LSFT220BB+ICST64E27-IDE,2024-11-05,Listed,2026-04-30
CRSF100BB+PHCH1PBRBB+LSFT220BB+ICST64E2760-CA,2021-11-02,Not Listed,
CRSF100BB+PHCH1PBRBB+LSFT220BB-CA,2021-10-25,Not Listed,
CRSF100BB+PHCH1PBRBB+LSFT220BB-IDE,2024-11-05,Listed,2026-04-30
CRSF100BB+PHCH1PBRBB+LSHH240BB,2020-11-12,Listed,2026-03-11
CRSF100BB+PHCH1PBRBB+LSHH240BB+ICST64E27,2021-05-07,Listed,2026-03-11
CRSF100BB+PHCH1PBRBB+LSHH240BB+ICST64E27-IDE,2024-06-04,Not Listed,
CRSF100BB+PHCH1PBRBB+LSHH240BB-IDE,2024-06-04,Not Listed,
CRSF100BB+PHCH1PBRBB+LSOL180BB,2021-04-13,Not Listed,
CRSF100BB+PHCH1PBRBB+LSOL180BB+ICST64E27,2022-02-03,Not Listed,
CRSF100BB+PHCH1PBRBB+LSOL180BB+ICST64E27-IDE,2024-06-04,Not Listed,
CRSF100BB+PHCH1PBRBB+LSOL180BB-IDE,2024-06-04,Not Listed,
CRSF100BB+PHCH1PBRBB+LSSS300BB,2021-11-04,Listed,2026-05-27
CRSF100BB+PHCH1PBRBB+LSSS300BB+ICST64E27,2024-06-04,Listed,2026-05-27
CRSF100BB+PHCH1PBRBB+LSSS300BB+ICST64E2760-CA,2021-11-02,Not Listed,
CRSF100BB+PHCH1PBRBB+LSSS300BB-CA,2021-10-05,Not Listed,
CRSF100BB+PHCH1PBRBB+LSSS300GR,2025-03-14,Not Listed,
CRSF100BB+PHCH1PBRBB+LSSS300GR+ICST64E27,2025-03-14,Not Listed,
CRSF100BB+PHCH1PBRBB+LSSS300GR+ICST64E2760-CA,2021-11-02,Not Listed,
CRSF100BB+PHCH1PBRBB+LSSS300GR-CA,2021-10-05,Not Listed,
CRSF100BB+PHCH1PBRBB+LSTF40BB,2023-03-20,Not Listed,
CRSF100BB+PHCH1PBRBB+LSTF40BB+ICST64E27,2023-03-20,Not Listed,
CRSF100BB+PHCH1PBRBB+LSTF40BB-CA,2023-03-08,Not Listed,
CRSF100BB+PHCH1PBRBB+LSUL220BB,2023-09-12,Not Listed,
CRSF100BB+PHCH1PBRBB+LSUL220BB+ICST64E27,2023-09-12,Not Listed,
CRSF100BB+PHCH1PBRBB+LSUL220BB+ICST64E27-IDE,2024-11-04,Not Listed,
CRSF100BB+PHCH1PBRBB+LSUL220BB-IDE,2021-05-21,Not Listed,
CRSF100BB+PHCH1PBRBB+WCB1BB,2024-06-04,Not Listed,
CRSF100BB+PHCH1PBRBB+WCB1BB+ICST64E27,2025-04-08,Not Listed,
CRSF100BB+PHCH1PBRBB+WCB1BB+ICST64E27-NL,2022-07-22,Not Listed,
CRSF100BB+PHCH1PBRBB+WCB1BB+ICST64E2760,2024-06-04,Not Listed,
CRSF100BB+PHCH1PBRBB+WCB1BB+ICST64E2760-CA,2022-02-08,Not Listed,
CRSF100BB+PHCH1PBRBB+WCB1BB+ICST64E2760-IDE,2024-06-04,Not Listed,
CRSF100BB+PHCH1PBRBB+WCB1BB-CA,2021-12-10,Not Listed,
CRSF100BB+PHCH1PBRBB+WCB1BB-IDE,2024-06-04,Not Listed,
CRSF100BB+PHCH1PBRBB+WCB1BB-NL,2022-07-22,Not Listed,
CRSF100BB+PHCH1PBRBB+WCB2BB,2022-01-28,Not Listed,
CRSF100BB+PHCH1PBRBB+WCB2BB+ICST64E2760,2022-01-28,Not Listed,
CRSF100BB+PHCH1PBRBB+WCB2BB+ICST64E2760-CA,2022-02-08,Not Listed,
CRSF100BB+PHCH1PBRBB+WCB2BB-CA,2022-02-08,Not Listed,
CRSF100BB+PHCH1PBRBB+WCB3BB,2022-01-28,Not Listed,
CRSF100BB+PHCH1PBRBB+WCB3BB+ICST64E2760,2022-01-28,Not Listed,
CRSF100BB+PHCH1PBRBB+WCB3BB+ICST64E2760-CA,2022-02-05,Not Listed,
CRSF100BB+PHCH1PBRBB+WCB3BB+ICST64E2760-IDE,2024-06-04,Not Listed,
CRSF100BB+PHCH1PBRBB+WCB3BB-CA,2022-02-05,Not Listed,
CRSF100BB+PHCH1PBRBB+WCB3BB-IDE,2024-06-04,Not Listed,
CRSF100BB+PHCH1PBRBB+WCB4BB,2022-01-28,Listed,2026-01-16
CRSF100BB+PHCH1PBRBB+WCB4BB+ICST64E2760,2022-01-28,Listed,2026-01-16
CRSF100BB+PHCH1PBRBB+WCB4BB+ICST64E2760-CA,2022-02-05,Listed,2026-02-19
CRSF100BB+PHCH1PBRBB+WCB4BB-CA,2022-02-05,Listed,2026-02-19
CRSF100BB+PHCH1PBRBB+WCB5BB,2022-01-28,Not Listed,
CRSF100BB+PHCH1PBRBB+WCB5BB+ICST64E27,2022-01-28,Not Listed,
CRSF100BB+PHCH1PBRBB+WCB5BB+ICST64E27-CA,2022-02-07,Not Listed,
CRSF100BB+PHCH1PBRBB+WCB5BB-CA,2022-02-07,Not Listed,
CRSF100BB+PHCH1PBRBB+WCB6BB,2022-08-01,Not Listed,
CRSF100BB+PHCH1PBRBB+WCB6BB+ICST64E27,2022-08-01,Not Listed,
CRSF100BB+PHCH1PBRBB+WCB6BB+ICST64E27-CA,2022-02-08,Not Listed,
CRSF100BB+PHCH1PBRBB+WCB6BB+ICST64E27-IDE,2024-06-04,Not Listed,
CRSF100BB+PHCH1PBRBB+WCB6BB+ICST64E2760,2024-10-09,Not Listed,
CRSF100BB+PHCH1PBRBB+WCB6BB+ICST64E2760-CA,2024-08-26,Listed,2026-02-19
CRSF100BB+PHCH1PBRBB+WCB6BB+ICST64E2760-IDE,2024-06-04,Not Listed,
CRSF100BB+PHCH1PBRBB+WCB6BB-CA,2021-12-10,Listed,2026-02-19
CRSF100BB+PHCH1PBRBB+WCB6BB-IDE,2021-04-24,Not Listed,
CRSF100BB+PHCH1PBRBB+WCB7BB,2022-01-28,Listed,2026-02-10
CRSF100BB+PHCH1PBRBB+WCB7BB+ICST64E2760,2022-01-28,Listed,2026-02-10
CRSF100BB+PHCH1PBRBB+WCB7BB+ICST64E2760-CA,2022-02-08,Not Listed,
CRSF100BB+PHCH1PBRBB+WCB7BB-CA,2022-02-08,Not Listed,
CRSF100BB+PHCH1PBRBB+WCBCBB+LDMST64E274,,Not Listed,
CRSF100BB+PHCH1PBRBB+WCLCBB,2023-12-11,Not Listed,
CRSF100BB+PHCH1PBRBB+WCLCBB+LDST185E274,2023-12-11,Not Listed,
CRSF100BC+PHCH1PBRBB+LSCY290BB,,Not Listed,
CRSF100BC+PHHF1PBRBC+LSHQ160BC,2025-05-14,Listed,2026-03-09
CRSF100BC+PHHF1PBRBC+LSHQ160BC+ICST64E27,2025-05-14,Listed,2026-03-09
CRSF100BC+PHHF1PBRBC+LSHQ160BC_FR,2025-07-11,Not Listed,
CRSF100BC+PHHF1PBRBC+LSWD360BC,2025-12-02,Listed,2026-01-20
CRSF100BC+PHHF1PBRBC+LSWD360BC+ICST64E27,,Not Listed,
CRSF100BC+PHHF1PBRBC+LSWD360BC_AMD,2026-06-14,Listed,2026-06-14
CRSF100BC+PHHF1PBRBC+LSWD360BC_KR,2026-01-08,Listed,2026-01-08
CRSF100BC+PHRB1PBR5BM+LSRD260AZ+LDMST64E274,,Not Listed,
CRSF100BC+PHRB1PBR5BM+LSRH260AZ+LDMST64E274,,Not Listed,
CRSF100BM+PHCH1PBRBB+LSCY290BB,2023-09-15,Listed,2026-05-27
CRSF100BM+PHCH1PBRBB+LSCY290BB+ICST64E27,2023-09-15,Listed,2026-05-27
CRSF100BM+PHCH1PBRBB+LSFT220BB,2023-09-15,Not Listed,
CRSF100BM+PHCH1PBRBB+LSFT220BB+ICST64E27,2023-09-15,Not Listed,
CRSF100BM+PHCH1PBRBB+LSHH240BB,2023-09-15,Not Listed,
CRSF100BM+PHCH1PBRBB+LSHH240BB+ICST64E27,2023-09-15,Not Listed,
CRSF100BM+PHCH1PBRBB+LSSS300BB,2023-09-15,Not Listed,
CRSF100BM+PHCH1PBRBB+LSSS300BB+ICST64E27,2023-09-15,Not Listed,
CRSF100BM+PHCH1PBRBB+LSTF40BB,2023-09-15,Not Listed,
CRSF100BM+PHCH1PBRBB+LSTF40BB+ICST64E27,2023-09-15,Not Listed,
CRSF100BM+PHCH1PCTSBM,2023-06-30,Not Listed,
CRSF100BM+PHCH1PCTSBM+ICST64E27,2023-07-04,Not Listed,
CRSF100BM+PHCH1PCTSBM+ICST64E27-j,2023-11-02,Not Listed,
CRSF100BM+PHCH1PCTSBM+LSCO335BM,2024-02-23,Not Listed,
CRSF100BM+PHCH1PCTSBM+LSCO335BM_DE,2026-06-04,Listed,2026-06-04
CRSF100BM+PHCH1PCTSBM+LSCO335BM_IT,2025-07-29,Not Listed,
CRSF100BM+PHCH1PCTSBM+LSCO335OR,2024-02-23,Not Listed,
CRSF100BM+PHCH1PCTSBM+LSCO335OR_DE,2026-06-04,Listed,2026-06-04
CRSF100BM+PHCH1PCTSBM+LSCO335OR_IT,2025-07-29,Not Listed,
CRSF100BM+PHCH1PCTSBM+LSCO335WH,2024-02-23,Not Listed,
CRSF100BM+PHCH1PCTSBM+LSCO335WH_DE,2026-06-04,Listed,2026-06-04
CRSF100BM+PHCH1PCTSBM+LSCO335WH_IT,2025-07-29,Not Listed,
CRSF100BM+PHCH1PCTSBM+LSCO360BM,2024-02-26,Not Listed,
CRSF100BM+PHCH1PCTSBM+LSCO360BM - NN,2024-03-07,Not Listed,
CRSF100BM+PHCH1PCTSBM+LSCO360OR,2024-02-26,Not Listed,
CRSF100BM+PHCH1PCTSBM+LSCO360OR - NN,2024-03-07,Not Listed,
CRSF100BM+PHCH1PCTSBM+LSCO360WH,2024-02-26,Not Listed,
CRSF100BM+PHCH1PCTSBM+LSCO360WH - NN,2024-03-06,Not Listed,
CRSF100BM+PHCH1PCTSBM+LSDO210BM,2023-07-10,Listed,2026-03-31
CRSF100BM+PHCH1PCTSBM+LSDO210BM D,2023-07-05,Not Listed,
CRSF100BM+PHCH1PCTSBM+LSDO210BM+ICST64E27,,Not Listed,
CRSF100BM+PHCH1PCTSBM+LSEL400BM,2024-03-01,Listed,2026-02-23
CRSF100BM+PHCH1PCTSBM+LSEL400BM_DE,2025-11-26,Not Listed,
CRSF100BM+PHCH1PCTSBM+LSEL400BM_ES,2025-07-09,Not Listed,
CRSF100BM+PHCH1PCTSBM+LSEL400BM_IT,2025-07-30,Not Listed,
CRSF100BM+PHCH1PCTSBM+LSEL400GR,2024-03-01,Listed,2026-02-23
CRSF100BM+PHCH1PCTSBM+LSEL400GR_DE,2025-11-26,Not Listed,
CRSF100BM+PHCH1PCTSBM+LSEL400GR_IT,2025-07-30,Not Listed,
CRSF100BM+PHCH1PCTSBM+LSEL400GY,2024-03-01,Listed,2026-02-23
CRSF100BM+PHCH1PCTSBM+LSEL400GY_DE,2025-11-26,Not Listed,
CRSF100BM+PHCH1PCTSBM+LSEL400GY_ES,2025-07-09,Not Listed,
CRSF100BM+PHCH1PCTSBM+LSEL400GY_IT,2025-07-30,Not Listed,
CRSF100BM+PHCH1PCTSBM+LSEL400OR,2024-03-01,Listed,2026-02-23
CRSF100BM+PHCH1PCTSBM+LSEL400OR_DE,2025-11-27,Not Listed,
CRSF100BM+PHCH1PCTSBM+LSEL400OR_ES,2025-07-09,Not Listed,
CRSF100BM+PHCH1PCTSBM+LSEL400OR_IT,2025-07-30,Not Listed,
CRSF100BM+PHCH1PCTSBM+LSEL400WH,2024-03-01,Listed,2026-02-23
CRSF100BM+PHCH1PCTSBM+LSEL400WH_DE,2025-11-26,Not Listed,
CRSF100BM+PHCH1PCTSBM+LSEL400WH_ES,2025-07-09,Not Listed,
CRSF100BM+PHCH1PCTSBM+LSEL400WH_IT,2025-07-30,Not Listed,
CRSF100BM+PHCH1PCTSBM+LSEL400YE,2024-03-01,Listed,2026-02-23
CRSF100BM+PHCH1PCTSBM+LSEL400YE_DE,2025-11-26,Not Listed,
CRSF100BM+PHCH1PCTSBM+LSEL400YE_ES,2025-07-09,Not Listed,
CRSF100BM+PHCH1PCTSBM+LSEL400YE_IT,2025-07-30,Not Listed,
CRSF100BM+PHCH1PCTSBM+WCFWROBM,2024-06-04,Listed,2026-02-15
CRSF100BM+PHCH1PCTSBM+WCFWROBM+ICST64E27,2024-06-04,Listed,2026-02-15
CRSF100BM+PHHF1PBRBM,,Not Listed,
CRSF100BM+PHHF1PBRBM+LSHQ160BM,2025-05-14,Listed,2026-03-09
CRSF100BM+PHHF1PBRBM+LSHQ160BM+ICST64E27,2025-05-14,Listed,2026-03-09
CRSF100BM+PHHF1PBRBM+LSHQ160BM_FR,2025-07-11,Not Listed,
CRSF100BM+PHHF1PBRBM+LSWD360BM,2025-12-02,Listed,2026-01-20
CRSF100BM+PHHF1PBRBM+LSWD360BM+ICST64E27,,Not Listed,
CRSF100BM+PHHF1PBRBM+LSWD360BM_AMD,2026-04-19,Listed,2026-04-19
CRSF100BM+PHHF1PBRBM+LSWD360BM_KR,2026-01-08,Listed,2026-01-08
CRSF100BM+PHHT1PBRGD,2024-06-04,Not Listed,
CRSF100BM+PHHT1PBRGD+CNT900BM,2024-06-20,Not Listed,
CRSF100BM+PHHT1PBRGD+CNT900CH,,Not Listed,
CRSF100BM+PHHT1PBRGD+ICST64E2760,2024-06-04,Not Listed,
CRSF100BM+PHHT1PBRGD+LSOL180BM,,Not Listed,
CRSF100BM+PHHT1PBRGD+SCRN70BM+LSFT220BM,2019-12-03,Not Listed,
CRSF100BM+PHHT1PBRGD+SCRN70BM+LSOL180BM,2019-12-03,Not Listed,
CRSF100BM+PHHT1PBRGD+SCRN70BM+LSOL180BM-IDE,2020-07-29,Not Listed,
CRSF100BM+PHHT1PBRGD+SCRN70BM+LSTF40BM,2019-12-03,Not Listed,
CRSF100BM+PHHT1PBRGD+SCRN70BM+LSUL220BM,2019-12-03,Not Listed,
CRSF100BM+PHHT1PBRGD+SCRN70FG+LSTF40YB,2019-12-03,Not Listed,
CRSF100BM+PHHT1PBRGD+SCRN70YB+LSTF40YB,2024-06-04,Not Listed,
CRSF100BM+PHHT1PBRGD+WCBNGD,2024-06-04,Not Listed,
CRSF100BM+PHHT1PBRGD+WCBNGD-IDE,2021-06-12,Listed,2026-02-06
CRSF100BM+PHNW2RBC+SPUWBM+SPWRBM,2023-02-27,Not Listed,
CRSF100BM+PHOP1PBRBM+LSLT360BM+SPCC360BM,2020-09-21,Not Listed,
CRSF100BM+PHOP1PBRBM+LSLT360BM+SPCC360BM+ICST64E2740,2020-03-10,Not Listed,
CRSF100BM+PHSH1HETYB+LSLT360BM+SPCC360BM,,Not Listed,
CRSF100BM+WSAFT200BG,2026-05-14,Listed,2026-05-14
CRSF100BS+PHHF1PBRBS+LSHQ160BS,2025-05-14,Listed,2026-03-09
CRSF100BS+PHHF1PBRBS+LSHQ160BS+ICST64E27,2025-05-14,Listed,2026-03-09
CRSF100BS+PHHF1PBRBS+LSHQ160BS_FR,2025-07-11,Not Listed,
CRSF100BS+PHHF1PBRBS+LSWD360BS,2025-12-02,Listed,2026-02-26
CRSF100BS+PHHF1PBRBS+LSWD360BS+ICST64E27,,Not Listed,
CRSF100BS+PHHF1PBRBS+LSWD360BS_KR,2026-01-08,Listed,2026-01-08
CRSF100BS+PHHS1PBRBS+SPCC360BM+LSLT360BS,2021-04-12,Not Listed,
CRSF100CO+PHMU1PBRCO+LSDM220CO,2021-02-15,Listed,2026-03-17
CRSF100CO+PHMU1PBRCO+LSDM220CO X,2023-02-11,Not Listed,
CRSF100CO+PHMU1PBRCO+LSDM220CO+ICST64E27,2024-06-04,Listed,2026-07-17
CRSF100CO+PHMU1PBRCO+LSDM220CO_AMD,2026-05-15,Listed,2026-05-15
CRSF100CO+PHMU1PBRCO+LSDM220CO_I,2025-08-25,Not Listed,
CRSF100CO+PHMU1PBRCO+LSDM220CO_IT,2025-10-13,Not Listed,
CRSF100CO+PHMU1PBRCO+LSDO210BC,2021-03-23,Listed,2026-02-12
CRSF100CO+PHMU1PBRCO+LSDO210BC+ICST,,Not Listed,
CRSF100CO+PHMU1PBRCO+LSDO210BC+ICST64E27,2021-05-05,Listed,2026-03-06
CRSF100CO+PHMU1PBRCO+LSDO210BC-IDE,2022-04-09,Not Listed,
CRSF100CO+PHMU1PBRCO+LSDO210BC_AMN,2026-05-07,Listed,2026-05-07
CRSF100CO+PHMU1PBRCO+LSDO210BC_DE,2025-12-02,Not Listed,
CRSF100CO+PHMU1PBRCO+LSDO210RR,2021-03-23,Listed,2026-03-06
CRSF100CO+PHMU1PBRCO+LSDO210RR+ICST64E27,2021-05-05,Listed,2026-03-06
CRSF100CO+PHMU1PBRCO+LSDO210RR-IDE,2022-04-09,Not Listed,
CRSF100HWH+PSDS2RBM+WSCH135WH+LSHQ150WH,2024-08-07,Not Listed,
CRSF100RR+PHHS1PBRRR+SPCC360BM+LSLT360RR,2021-04-12,Not Listed,
CRSF100WH+PHHS1PWRBL+SPCC360BM+LSLT360BL,2021-11-22,Not Listed,
CRSF100WH+WSCH135WH+LSDO210WH,2022-12-12,Listed,2026-06-05
CRSF100WH+WSCH135WH+LSDO210WH SD,2024-07-06,Not Listed,
CRSF100WH+WSCH135WH+LSDO210WH T,2023-03-27,Not Listed,
CRSF100WH+WSCH135WH+LSDO210WH UK,2024-09-05,Not Listed,
CRSF100WH+WSCH135WH+LSDO210WH+ICST64E27,2022-12-12,Not Listed,
CRSF100WH+WSCH135WH+LSDO210WH+ICST64E27S,2024-07-06,Not Listed,
CRSF100WH+WSCH135WH+LSDO210WH+ICST64E27_,2025-07-23,Not Listed,
CRSF100WH+WSCH135WH+LSDO210WH_,2025-07-23,Not Listed,
CRSF100WH+WSCH135WH+LSDO210WH_RK,2025-07-23,Not Listed,
CRSF100WH+WSCH135WH+LSFT220WH,2022-11-22,Not Listed,
CRSF100WH+WSCH135WH+LSFT220WH+ICST64E27,2022-11-22,Not Listed,
CRSF100WH+WSCH135WH+LSFT220WH+ICST64E27-IFR,2024-06-04,Not Listed,
CRSF100WH+WSCH135WH+LSFT220WH-IFR,2024-06-04,Not Listed,
CRSF100WH+WSCH135WH+LSHQ150WH,2022-11-22,Listed,2026-06-16
CRSF100WH+WSCH135WH+LSHQ150WH+ICST64E27,2022-11-22,Not Listed,
CRSF100WH+WSCH135WH+LSHQ150WH+ICST64E27-IDE,2024-06-04,Not Listed,
CRSF100WH+WSCH135WH+LSHQ150WH+ICST64E27-IFR,2024-06-04,Not Listed,
CRSF100WH+WSCH135WH+LSHQ150WH-IDE,2024-06-04,Not Listed,
CRSF100WH+WSCH135WH+LSHQ150WH-IFR,2024-06-04,Not Listed,
CRSF100WH+WSCH135WH+LSHQ150WH_DE,2025-07-22,Not Listed,
CRSF100WH+WSCH135WH+LSHQ150WH_WS,2025-04-30,Not Listed,
CRSF108YB+PHCH1PBRBB+LSFT220BB,2024-10-09,Not Listed,
CRSF108YB+PHCH1PBRBB+LSFT220BB+ICST64E27,2024-10-09,Not Listed,
CRSF120BM+PHCH1PCTSBM+LSDO210BC,2025-09-12,Listed,2026-03-06
CRSF120BM+PHCH1PCTSBM+LSDO210BI,2025-09-12,Listed,2026-01-21
CRSF120BM+PHCH1PCTSBM+LSDO210BM,2025-09-12,Listed,2026-01-16
CRSF120BM+PHCH1PCTSBM+LSDO210BS,2025-09-12,Listed,2026-01-21
CRSF120BM+PHCH1PCTSBM+LSDO210GR,2025-09-12,Listed,2026-01-16
CRSF120BM+PHCH1PCTSBM+LSDO210GY,2025-09-12,Listed,2026-01-16
CRSF120BM+PHCH1PCTSBM+LSDO210OR,2025-09-12,Listed,2026-03-06
CRSF120BM+PHCH1PCTSBM+LSDO210RE,2025-09-12,Listed,2026-03-06
CRSF120BM+PHCH1PCTSBM+LSDO210WH,2025-09-12,Listed,2026-01-16
CRSF120BM+PHCH1PCTSBM+LSDO210YE,2025-09-12,Listed,2026-01-16
CRSF120BM+PHCH1PCTSBM+LSDO300BI,2025-09-12,Not Listed,
CRSF120BM+PHCH1PCTSBM+LSDO300BM,2025-09-12,Not Listed,
CRSF120BM+PHCH1PCTSBM+LSDO300OR,2025-09-12,Not Listed,
CRSF120BM+PHCH1PCTSBM+LSDO300RE,2025-09-12,Not Listed,
CRSF120BM+PHCH1PCTSBM+LSDO300WH,2025-09-12,Not Listed,
CRSF120BM+PHCH1PCTSBM+LSDO400BM,2025-09-12,Listed,2026-07-16
CRSF120BM+PHNW2RBC+SPUPBM,2024-06-20,Listed,2026-03-23
CRSF120BM+PHNW2RBC+SPUPBM C,2023-10-05,Not Listed,
CRSF120BM+PHNW2RBC+SPUPBM+ICST64E27,2024-06-20,Listed,2026-03-23
CRSF120BM+PHNW2RBC+SPUPBM+ICST64E27 C,2023-10-05,Not Listed,
CRSF120BM+PHNW2RBC+SPUPBM+ICST64E27_DE,2026-06-01,Listed,2026-06-01
CRSF120BM+PHNW2RBC+SPUPBM+ICST64E27_IT,2025-10-31,Not Listed,
CRSF120BM+PHNW2RBC+SPUPBM_DE,2026-06-01,Listed,2026-06-01
CRSF120BM+PHNW2RBC+SPUPBM_IT,2025-10-31,Not Listed,
CRSF125BM+TPWDWO+PHCH1PBRBB+WCB1BB,2021-07-22,Not Listed,
CRSF125BM+TPWDWO+PHCH1PBRBB+WCB1BB+ICST64E27,2021-07-22,Not Listed,
CRSFM110080BM+WSCH135BM+LSCY290BG,2026-07-22,Listed,2026-07-22
CRSFM110080BM+WSCH135BM+LSDO210BG,2026-07-22,Listed,2026-07-22
CRSFM110080BM+WSLS155BM+LSGLWB125TN,2026-06-02,Listed,2026-06-19
CRSFM110080BM+WSLS155CH+LSGLWB125TN,2026-06-02,Listed,2026-06-19
CRSFM110080BM+WSLS155CO+LSGLWB125TN,2026-06-02,Listed,2026-06-19
CRSFM110080BM+WSLS155SN+LSGLWB125TN,2026-06-02,Listed,2026-06-19
CRSFM110080BM+WSLS155YB+LSGLWB125TN,2026-06-02,Listed,2026-06-19
CRSFM110080BM+WSSS70BM+LSGL15014CL,2026-06-13,Listed,2026-06-13
CRSFM110080BM+WSSS70CH+LSGL15014CL,2026-06-13,Listed,2026-06-13
CRSFM110080BM+WSSS70CO+LSGL15014CL,2026-06-13,Listed,2026-06-13
CRSFM110080BM+WSSS70SN+LSGL15014CL,2026-06-13,Listed,2026-06-13
CRSFM110080BM+WSSS70YB+LSGL15014CL,2026-06-13,Listed,2026-06-13
CRSFM210080BM+CBSF95,2026-06-09,Listed,2026-06-09
CRSFM210080CH+CBSF95,2026-06-09,Listed,2026-06-09
CRSFM210080CO+CBSF95,2026-06-09,Listed,2026-06-09
CRSFM210080CO+LHTOE27CO+LSGLWA140AR,2026-07-22,Listed,2026-07-22
CRSFM210080SN+CBSF95,2026-06-09,Listed,2026-06-09
CRSFM210080WH+CBSF95,2026-06-09,Listed,2026-06-09
CRSFM210080YB+CBSF95,2026-06-09,Listed,2026-06-09
CRSFM210080YB+LHTOE27YB+LSGLST1618AR,2026-07-22,Listed,2026-07-22
LSGL100145BL+RPM40WH,2026-07-07,Listed,2026-07-08
LSGL10014AR+RPM40WH,2026-07-07,Listed,2026-07-08
LSGL10014CL+RPM40WH,2026-03-23,Listed,2026-03-23
LSGL10014CL+RPM40WH_,2026-07-08,Listed,2026-07-08
LSGL10014CL+RPM40WH_UT,2026-03-22,Listed,2026-03-22
LSGL12010AR+RPM40WH,2026-04-24,Not Listed,
LSGL12010FC+RPM40WH,2026-07-23,Listed,2026-07-23
LSGL12010FW+RPM40WH,2026-07-23,Listed,2026-07-23
LSGL14010CL+RPM40WH,2026-03-24,Listed,2026-03-24
LSGL14023SG+RPM40WH,2026-02-26,Listed,2026-03-23
LSGL14023SG+RPM40WH_KR,2026-05-20,Listed,2026-05-20
LSGL3L150AR+RPM40WH,2026-07-21,Listed,2026-07-21
LSGLLN14020AR+RPR44WH,2026-07-15,Listed,2026-07-15
LSGLSC1508CL+RPM40WH,2026-07-16,Listed,2026-07-16
LSGLSC1508CL+RPR44WH,2026-07-23,Listed,2026-07-23
LSGLST148AR+RPM40WH,2026-07-13,Listed,2026-07-13
LSGLST148AR+RPM40WH_US,2026-07-13,Listed,2026-07-13
LSGLST148AR+RPR44WH,2026-07-17,Listed,2026-07-17
LSGLST150AR+RPM40WH,2026-07-21,Listed,2026-07-21
LSGLULAR+RPM40WH,2026-03-19,Listed,2026-03-19
LSGLULAR+RPM40WH_,2026-03-13,Listed,2026-03-13
LSGLULAR+RPM40WH_UT,2026-03-16,Listed,2026-03-16
LSGLULCL+RPM40WH,2026-02-13,Listed,2026-03-19
LSGLULCL+RPM40WH_,2026-03-13,Listed,2026-03-13
LSGLULCL+RPM40WH_UT,2026-03-16,Listed,2026-03-16
LSSC310BI+SPCC320BM,2026-04-20,Listed,2026-04-20
LSSC310GR+SPCC320BM,2026-04-20,Listed,2026-04-20
LSSC310GY+SPCC320BM,2026-04-20,Listed,2026-04-20
LSSC310OR+SPCC320BM,2026-04-20,Listed,2026-04-20
LSSC310RE+SPCC320BM,2026-04-20,Listed,2026-04-20
PHCT1BMRBM+PHHT1PBRGD,,Not Listed,
PHFMHT1BRBM + Accessories,,Not Listed,
PHHCF1BMRBM+ICST64E27,2026-01-16,Listed,2026-01-19
PHHCF1BMRYB+ICST64E27,2026-01-16,Listed,2026-01-19
PHHRE2HETX2HE  +  LDMST64E274,,Not Listed,
PHMU1PBRCO+LSDM220CO,,Not Listed,
PHSH1HETYB+LSLT360BM+SPCC360BM,,Not Listed,
PL4HBC+ICST64E27,2026-03-31,Not Listed,
PL4HBC+ICST64E274PK,2026-04-13,Listed,2026-04-13
PL4HBC+ICST64E27_SAPH,2026-03-05,Listed,2026-03-05
PL4HBM+ICST64E27,2026-03-31,Not Listed,
PL4HBM+ICST64E274PK,2026-04-13,Listed,2026-04-13
PL4HBM+ICST64E27_SAPH,2026-03-05,Listed,2026-03-05
PL4HRR+ICST64E27,2026-03-31,Not Listed,
PL4HRR+ICST64E274PK,2026-04-13,Listed,2026-04-13
PL4HRR+ICST64E27_SAPH,2026-03-05,Listed,2026-03-05
PLHNBC+ICST64E27,2026-02-06,Listed,2026-02-06
PLHNBM+ICST64E27,2026-02-06,Listed,2026-02-06
PLHNBM+LSGLBT200PU+LDMST64E274,2026-03-19,Listed,2026-04-06
TPHTTN2PBRBM+LSGL12010AR,2026-03-10,Listed,2026-03-10
TPHTTN2PBRBM+LSGL12010AR+LDMA60E274WW,2026-03-10,Listed,2026-03-10
WLWOFTWO+CBSF70+CBSFBM+LDSST64E274,2026-04-17,Listed,2026-04-17
WLWOFTWO+LDSST64E274,2026-04-29,Listed,2026-04-29
WLWOHTBM+LSGL10012AR,2026-04-29,Listed,2026-04-29
WLWOHTBM+LSGL10014CL,2026-04-29,Listed,2026-04-29
WLWOHTBM+LSGL12010AR,2026-04-30,Listed,2026-04-30
WLWOHTBM+LSGL12010AR+CBSF75,2026-04-17,Listed,2026-04-17
WLWOHTBM+LSGL1275CL,2026-04-20,Listed,2026-04-20
WLWOHTBM+LSGL14010CL,2026-04-20,Listed,2026-04-30
WLWOHTBM+LSGL7512CL,2026-04-29,Listed,2026-04-29
WSIWCRPI+ICST64E27,2026-02-09,Listed,2026-02-09
WSIWCRPI+LDMA60E274WW,2026-02-06,Listed,2026-02-06
WSNWBS+WJ018RB3PBM+LSGL14023SG+LDMST64E274,2026-04-15,Listed,2026-04-15
